First Name,Last Name,Gender,Age,Email,Phone,Education,Occupation,Experience (Years),Salary,Marital Status,Number of Children
Samantha,Foster,Female,30,s.foster@randatmail.com,531-5855-44,Master,Insurer,0,7172,Married,3
Daisy,Cooper,Female,30,d.cooper@randatmail.com,732-3598-36,Master,Driver,6,9441,Married,0
Derek,Riley,Male,19,d.riley@randatmail.com,808-7157-11,Primary,Florist,9,5538,Single,1
Bruce,Ellis,Male,20,b.ellis@randatmail.com,490-3420-96,Primary,Fine Artist,7,4451,Single,1
Aldus,Myers,Male,28,a.myers@randatmail.com,320-1220-77,Master,Botanist,12,7222,Married,1
Julian,Craig,Male,29,j.craig@randatmail.com,409-8866-80,Doctoral,Fine Artist,2,2842,Married,1
Dexter,Williams,Male,24,d.williams@randatmail.com,187-2334-65,Primary,Insurer,12,9517,Single,4
Victor,Murphy,Male,30,v.murphy@randatmail.com,479-0696-13,Lower secondary,Fine Artist,15,4411,Married,0
Charlotte,Cameron,Female,26,c.cameron@randatmail.com,827-3016-51,Master,Florist,2,4525,Single,1
Sabrina,Hunt,Female,18,s.hunt@randatmail.com,131-5162-87,Primary,Mathematician,5,4328,Married,4
Rubie,Adams,Female,26,r.adams@randatmail.com,649-8523-21,Bachelor,Geologist,11,1315,Married,5
Reid,Stewart,Male,28,r.stewart@randatmail.com,034-6405-79,Primary,Photographer,7,7247,Single,5
James,Allen,Male,24,j.allen@randatmail.com,121-0152-17,Primary,Manager,12,3510,Married,4
Edgar,Bailey,Male,19,e.bailey@randatmail.com,740-9805-09,Doctoral,Architect,8,5220,Single,5
Gianna,Turner,Female,23,g.turner@randatmail.com,899-6554-09,Lower secondary,Salesman,6,5324,Married,1
Alen,Gibson,Male,23,a.gibson@randatmail.com,593-1823-21,Primary,Mechanic,7,8318,Married,0
Olivia,Hill,Female,19,o.hill@randatmail.com,533-9337-62,Primary,Medic,6,9515,Married,4
Leonardo,Turner,Male,25,l.turner@randatmail.com,265-4875-70,Master,Accountant,0,4947,Married,4
Wilson,Farrell,Male,29,w.farrell@randatmail.com,964-7758-29,Bachelor,Aeroplane Pilot,12,4597,Married,2
Jessica,Thompson,Female,23,j.thompson@randatmail.com,939-6991-80,Bachelor,Photographer,6,8874,Married,0
Rebecca,Stewart,Female,20,r.stewart@randatmail.com,704-0304-30,Bachelor,Jeweller,2,9660,Married,5
Arthur,Farrell,Male,29,a.farrell@randatmail.com,913-7321-49,Upper secondary,Lecturer,2,2587,Single,1
Emily,Henderson,Female,20,e.henderson@randatmail.com,687-0016-06,Master,Meteorologist,7,7886,Single,2
Alford,Clark,Male,24,a.clark@randatmail.com,208-7423-93,Bachelor,Biochemist,1,4694,Married,4
Honey,Murray,Female,26,h.murray@randatmail.com,322-7515-84,Bachelor,Mechanic,0,7929,Single,0
Tess,Clark,Female,21,t.clark@randatmail.com,746-0779-15,Primary,Social Worker,7,8197,Single,3
Vincent,Cunningham,Male,28,v.cunningham@randatmail.com,029-8535-02,Doctoral,Interpreter,10,8624,Single,0
Stella,Allen,Female,22,s.allen@randatmail.com,632-4420-88,Doctoral,Lawer,10,2252,Married,4
Bruce,Douglas,Male,30,b.douglas@randatmail.com,625-5514-66,Doctoral,Historian,15,3378,Single,3
Eddy,Crawford,Male,30,e.crawford@randatmail.com,084-6575-24,Bachelor,Agronomist,13,7488,Married,2
Grace,Myers,Female,24,g.myers@randatmail.com,545-0513-32,Doctoral,Chef,7,9096,Married,2
Daryl,Chapman,Male,21,d.chapman@randatmail.com,759-4395-66,Master,Botanist,4,8876,Married,3
Grace,Wright,Female,21,g.wright@randatmail.com,066-3712-22,Lower secondary,Botanist,7,9266,Married,5
Tiana,Stevens,Female,26,t.stevens@randatmail.com,225-4039-61,Primary,Lawer,4,1083,Single,5
Jenna,Kelley,Female,19,j.kelley@randatmail.com,796-2547-63,Bachelor,Police Officer,3,3407,Single,5
Evelyn,Craig,Female,29,e.craig@randatmail.com,210-3132-21,Bachelor,Producer,14,7652,Single,5
Briony,Grant,Female,22,b.grant@randatmail.com,634-4267-59,Doctoral,Interpreter,8,8081,Single,4
Paige,Gibson,Female,23,p.gibson@randatmail.com,720-7127-03,Upper secondary,Singer,11,1608,Married,3
Freddie,Smith,Male,21,f.smith@randatmail.com,178-5071-39,Master,Aeroplane Pilot,10,7738,Single,0
Alan,Russell,Male,22,a.russell@randatmail.com,067-9921-23,Bachelor,Veterinarian,3,3401,Married,2
Brianna,West,Female,21,b.west@randatmail.com,058-3221-61,Upper secondary,Insurer,7,7614,Single,1
Darcy,Smith,Female,23,d.smith@randatmail.com,546-0306-78,Lower secondary,Firefighter,3,7562,Married,4
Olivia,Wright,Female,20,o.wright@randatmail.com,860-4682-47,Upper secondary,Dancer,0,9767,Single,5
Alan,Clark,Male,18,a.clark@randatmail.com,737-9012-33,Upper secondary,Lawer,8,8988,Single,3
Joyce,Craig,Female,19,j.craig@randatmail.com,198-0138-33,Bachelor,Actor,2,3692,Married,5
Chelsea,Parker,Female,30,c.parker@randatmail.com,084-1574-34,Master,Dancer,10,2287,Married,0
Amelia,Wright,Female,29,a.wright@randatmail.com,931-9462-11,Doctoral,Composer,11,4438,Single,3
Clark,Davis,Male,28,c.davis@randatmail.com,389-4543-84,Doctoral,Geologist,1,3878,Married,1
Miller,Morris,Male,30,m.morris@randatmail.com,249-7404-01,Upper secondary,Mathematician,7,7666,Married,2
Savana,Morrison,Female,27,s.morrison@randatmail.com,090-2973-65,Doctoral,Programmer,2,4821,Married,5
Wilson,Johnston,Male,28,w.johnston@randatmail.com,642-1246-70,Doctoral,Actor,8,1172,Married,4
Sam,Carter,Male,22,s.carter@randatmail.com,485-4036-19,Primary,Mechanic,10,8651,Married,0
Samantha,Montgomery,Female,18,s.montgomery@randatmail.com,213-2123-93,Primary,Pharmacist,4,9551,Married,5
Alberta,Stevens,Female,29,a.stevens@randatmail.com,706-3016-61,Upper secondary,Singer,11,6191,Single,1
Justin,Gibson,Male,30,j.gibson@randatmail.com,053-2666-77,Upper secondary,Botanist,11,4217,Single,2
Aston,Cole,Male,21,a.cole@randatmail.com,462-3046-63,Upper secondary,Fine Artist,10,7228,Single,4
Nicholas,Douglas,Male,28,n.douglas@randatmail.com,566-8716-82,Master,Medic,11,1298,Single,4
Miranda,Casey,Female,21,m.casey@randatmail.com,036-7112-15,Upper secondary,Accountant,8,623,Single,4
Carina,Johnston,Female,25,c.johnston@randatmail.com,611-0382-51,Master,Actor,8,3396,Married,1
Sabrina,Wells,Female,22,s.wells@randatmail.com,696-7779-63,Upper secondary,Lecturer,1,1283,Single,1
Cadie,Murray,Female,19,c.murray@randatmail.com,790-1044-92,Bachelor,Jeweller,3,9774,Single,4
Florrie,Johnston,Female,19,f.johnston@randatmail.com,060-5134-37,Primary,Scientist,0,2634,Single,3
Valeria,Thomas,Female,28,v.thomas@randatmail.com,237-3004-38,Master,Pharmacist,12,3717,Married,5
Harold,Cooper,Male,24,h.cooper@randatmail.com,643-1875-87,Master,Graphic Designer,4,9673,Single,3
Emily,Hill,Female,24,e.hill@randatmail.com,047-7834-60,Upper secondary,Dancer,10,8935,Married,3
Frederick,Armstrong,Male,20,f.armstrong@randatmail.com,864-2857-33,Master,Programmer,10,8093,Single,4
Julian,Morris,Male,18,j.morris@randatmail.com,023-2432-86,Doctoral,Carpenter,2,5665,Single,1
Chloe,Hill,Female,19,c.hill@randatmail.com,882-1382-62,Upper secondary,Salesman,5,3595,Married,3
Patrick,Thomas,Male,29,p.thomas@randatmail.com,291-0169-36,Upper secondary,Police Officer,5,8104,Married,5
Alisa,Mitchell,Female,20,a.mitchell@randatmail.com,688-4998-37,Primary,Composer,6,7964,Married,4
Emily,Miller,Female,24,e.miller@randatmail.com,584-4170-49,Bachelor,Dancer,7,6773,Married,2
Violet,Roberts,Female,29,v.roberts@randatmail.com,204-6024-98,Bachelor,Scientist,1,7536,Single,3
Camila,Murphy,Female,25,c.murphy@randatmail.com,066-1130-47,Upper secondary,Police Officer,4,1735,Married,5
April,Spencer,Female,27,a.spencer@randatmail.com,930-8092-87,Upper secondary,Architect,8,3437,Married,1
Madaline,Carter,Female,20,m.carter@randatmail.com,094-9543-64,Upper secondary,Hairdresser,7,4029,Married,0
Rosie,Baker,Female,21,r.baker@randatmail.com,031-5041-15,Upper secondary,Astronomer,2,1512,Single,0
Dainton,Walker,Male,22,d.walker@randatmail.com,847-7484-93,Primary,Chef,10,8684,Married,2
Owen,Tucker,Male,21,o.tucker@randatmail.com,991-2542-96,Lower secondary,Mechanic,10,1103,Married,5
Carl,Brown,Male,25,c.brown@randatmail.com,372-0919-71,Primary,Fashion Designer,6,940,Married,2
Arianna,Carter,Female,19,a.carter@randatmail.com,417-5039-43,Lower secondary,Geologist,4,577,Married,3
Luke,Barrett,Male,26,l.barrett@randatmail.com,114-7341-00,Lower secondary,Mechanic,13,5084,Single,5
Owen,Scott,Male,29,o.scott@randatmail.com,343-3546-14,Doctoral,Interior Designer,5,6284,Married,0
Carl,Nelson,Male,21,c.nelson@randatmail.com,672-9587-79,Lower secondary,Interior Designer,0,981,Married,3
James,Murray,Male,24,j.murray@randatmail.com,097-8682-65,Doctoral,Auditor,6,4035,Single,0
Steven,Richards,Male,30,s.richards@randatmail.com,380-6886-64,Upper secondary,Pharmacist,7,4517,Married,3
Garry,Hamilton,Male,23,g.hamilton@randatmail.com,905-5995-33,Lower secondary,Cook,2,9565,Single,2
Maya,Thomas,Female,25,m.thomas@randatmail.com,563-5949-84,Primary,Fashion Designer,3,5761,Single,3
Lucy,Howard,Female,21,l.howard@randatmail.com,604-1491-79,Lower secondary,Fine Artist,7,664,Married,2
Thomas,Davis,Male,20,t.davis@randatmail.com,389-5470-18,Primary,Programmer,8,2739,Single,4
Wilson,Mitchell,Male,21,w.mitchell@randatmail.com,658-4882-72,Doctoral,Electrician,6,1334,Single,0
Harold,Sullivan,Male,28,h.sullivan@randatmail.com,042-5339-39,Primary,Singer,9,1724,Married,1
Eddy,Scott,Male,28,e.scott@randatmail.com,682-8798-12,Master,Salesman,4,775,Married,5
Lucy,Watson,Female,30,l.watson@randatmail.com,046-3660-20,Bachelor,Carpenter,6,9175,Single,2
Lucia,Warren,Female,20,l.warren@randatmail.com,148-2167-47,Master,Economist,8,7198,Single,1
Dexter,Higgins,Male,22,d.higgins@randatmail.com,792-2463-18,Upper secondary,Agronomist,10,7912,Married,3
Jordan,Reed,Male,23,j.reed@randatmail.com,909-8224-28,Doctoral,Veterinarian,7,7173,Married,2
Hailey,Davis,Female,29,h.davis@randatmail.com,731-3151-86,Lower secondary,Economist,11,6971,Single,0
Edwin,Carroll,Male,20,e.carroll@randatmail.com,594-4587-41,Upper secondary,Manager,8,6918,Single,5
Amanda,Phillips,Female,25,a.phillips@randatmail.com,380-0812-92,Doctoral,Teacher,2,3612,Married,0
Lana,Henderson,Female,18,l.henderson@randatmail.com,107-6886-44,Master,Jeweller,0,5355,Single,4
Adrianna,Harris,Female,25,a.harris@randatmail.com,213-1298-48,Bachelor,Astronomer,12,4727,Single,2
Alan,Mitchell,Male,27,a.mitchell@randatmail.com,126-4279-93,Primary,Auditor,10,8924,Married,2
Sabrina,Alexander,Female,24,s.alexander@randatmail.com,562-2441-01,Master,Actor,12,3591,Married,5
Alberta,Chapman,Female,19,a.chapman@randatmail.com,652-0420-12,Primary,Mathematician,7,7442,Married,3
Sam,Richardson,Male,28,s.richardson@randatmail.com,241-3013-38,Master,Programmer,6,4596,Married,5
Dale,Owens,Male,23,d.owens@randatmail.com,876-2291-12,Upper secondary,Salesman,0,6742,Single,0
Chester,Phillips,Male,27,c.phillips@randatmail.com,543-4131-18,Master,Manager,1,6744,Married,1
Alan,Craig,Male,18,a.craig@randatmail.com,982-1364-16,Master,Medic,6,2195,Married,1
Darcy,Owens,Female,23,d.owens@randatmail.com,909-8625-17,Upper secondary,Meteorologist,1,2057,Single,3
George,Andrews,Male,25,g.andrews@randatmail.com,595-4342-00,Master,Actor,6,6802,Married,0
Owen,Hall,Male,24,o.hall@randatmail.com,320-1868-19,Doctoral,Mathematician,11,6200,Married,2
Vivian,Kelly,Female,30,v.kelly@randatmail.com,257-5835-01,Primary,Lecturer,3,7341,Married,1
April,Mason,Female,29,a.mason@randatmail.com,898-4744-27,Doctoral,Economist,12,3701,Married,2
Maximilian,Barrett,Male,30,m.barrett@randatmail.com,500-0060-56,Upper secondary,Geologist,1,4682,Single,3
Camila,Andrews,Female,25,c.andrews@randatmail.com,103-6994-04,Lower secondary,Social Worker,5,8920,Married,1
Olivia,Stevens,Female,21,o.stevens@randatmail.com,486-6203-25,Bachelor,Aeroplane Pilot,8,2437,Single,1
Cherry,Fowler,Female,30,c.fowler@randatmail.com,923-4623-85,Bachelor,Aeroplane Pilot,13,9399,Married,0
Andrew,Stewart,Male,26,a.stewart@randatmail.com,273-5762-58,Primary,Architect,10,6032,Single,0
Dominik,Lloyd,Male,29,d.lloyd@randatmail.com,022-7246-43,Doctoral,Programmer,1,4529,Married,2
Jack,Watson,Male,25,j.watson@randatmail.com,310-7160-83,Upper secondary,Hairdresser,10,3696,Single,0
Frederick,Evans,Male,25,f.evans@randatmail.com,540-3744-52,Lower secondary,Photographer,6,8450,Married,2
Daniel,Johnston,Male,21,d.johnston@randatmail.com,773-5128-91,Doctoral,Scientist,0,1346,Single,3
Annabella,Kelley,Female,28,a.kelley@randatmail.com,671-6598-69,Primary,Florist,10,4153,Married,0
Sawyer,Barrett,Male,28,s.barrett@randatmail.com,808-6086-37,Primary,Jeweller,1,3585,Single,1
Adrian,Myers,Male,29,a.myers@randatmail.com,661-3050-45,Master,Archeologist,3,6956,Single,5
Melanie,Williams,Female,26,m.williams@randatmail.com,516-3618-95,Upper secondary,Salesman,4,8810,Single,5
Miranda,Stevens,Female,22,m.stevens@randatmail.com,963-3760-15,Master,Manager,7,841,Married,5
Ellia,Armstrong,Female,22,e.armstrong@randatmail.com,420-9812-14,Bachelor,Agronomist,2,6105,Married,3
Alfred,Harrison,Male,22,a.harrison@randatmail.com,914-7277-26,Upper secondary,Historian,6,812,Married,4
Adison,Morgan,Male,28,a.morgan@randatmail.com,712-6994-44,Master,Aeroplane Pilot,3,1082,Married,2
Mary,Robinson,Female,24,m.robinson@randatmail.com,936-2660-85,Master,Archeologist,11,6601,Single,0
Alfred,Clark,Male,24,a.clark@randatmail.com,678-8657-86,Primary,Producer,1,8547,Married,0
Emily,Mason,Female,22,e.mason@randatmail.com,436-5331-67,Doctoral,Economist,4,2979,Single,5
Rafael,Stewart,Male,30,r.stewart@randatmail.com,293-6596-70,Lower secondary,Physicist,0,3912,Single,0
Lyndon,Cole,Male,21,l.cole@randatmail.com,420-5441-75,Bachelor,Florist,3,8198,Married,3
Lilianna,Watson,Female,21,l.watson@randatmail.com,452-6240-79,Master,Astronomer,1,5154,Married,3
James,Kelly,Male,20,j.kelly@randatmail.com,336-6697-55,Primary,Interior Designer,8,2427,Married,1
Harold,Craig,Male,19,h.craig@randatmail.com,463-1721-05,Master,Medic,7,8403,Married,4
Jenna,Harris,Female,27,j.harris@randatmail.com,190-9058-99,Doctoral,Dancer,8,4775,Single,4
Fiona,Gibson,Female,30,f.gibson@randatmail.com,260-3622-22,Primary,Driver,11,9870,Single,0
Grace,Edwards,Female,28,g.edwards@randatmail.com,476-6719-07,Primary,Archeologist,12,3746,Single,3
Penelope,Smith,Female,25,p.smith@randatmail.com,544-8614-71,Upper secondary,Botanist,0,818,Single,4
Abraham,Wilson,Male,27,a.wilson@randatmail.com,865-5231-52,Master,Mechanic,0,4575,Married,3
Valeria,Parker,Female,26,v.parker@randatmail.com,879-2815-63,Lower secondary,Teacher,1,6616,Single,5
Robert,Spencer,Male,29,r.spencer@randatmail.com,630-8760-69,Upper secondary,Meteorologist,1,5706,Single,4
Joyce,Ellis,Female,29,j.ellis@randatmail.com,889-3965-50,Master,Dancer,6,2950,Married,1
Camila,Perry,Female,23,c.perry@randatmail.com,291-9840-20,Lower secondary,Accountant,1,5319,Single,4
Briony,Adams,Female,20,b.adams@randatmail.com,936-2670-88,Lower secondary,Singer,8,5712,Married,3
Dainton,Alexander,Male,30,d.alexander@randatmail.com,192-3768-80,Primary,Agronomist,13,2902,Married,3
Tara,Crawford,Female,30,t.crawford@randatmail.com,800-2692-84,Lower secondary,Dancer,11,6825,Single,2
Amelia,Fowler,Female,19,a.fowler@randatmail.com,923-5730-56,Lower secondary,Producer,2,5793,Married,4
Jasmine,Davis,Female,22,j.davis@randatmail.com,064-5137-58,Doctoral,Lecturer,0,7919,Single,2
Madaline,Payne,Female,28,m.payne@randatmail.com,329-9829-77,Doctoral,Jeweller,7,3918,Single,3
Chester,Foster,Male,22,c.foster@randatmail.com,612-0784-27,Upper secondary,Social Worker,4,3803,Single,0
Chelsea,Cooper,Female,19,c.cooper@randatmail.com,013-4756-22,Master,Archeologist,9,963,Married,4
Blake,Higgins,Male,19,b.higgins@randatmail.com,605-5715-52,Doctoral,Singer,6,1310,Single,0
Derek,Adams,Male,26,d.adams@randatmail.com,866-5755-48,Bachelor,Architect,2,5806,Single,1
Alexia,Craig,Female,27,a.craig@randatmail.com,918-8337-06,Master,Architect,7,9166,Single,2
Carlos,Nelson,Male,30,c.nelson@randatmail.com,259-4565-04,Doctoral,Programmer,4,9356,Married,1
Chelsea,Howard,Female,20,c.howard@randatmail.com,980-0735-36,Master,Chemist,6,6629,Married,5
Kevin,Spencer,Male,21,k.spencer@randatmail.com,730-9961-92,Primary,Archeologist,6,5932,Single,2
Jasmine,Casey,Female,28,j.casey@randatmail.com,130-6716-50,Lower secondary,Archeologist,0,5301,Married,3
Alan,Sullivan,Male,25,a.sullivan@randatmail.com,417-9070-52,Lower secondary,Fashion Designer,8,3953,Married,3
Robert,Lloyd,Male,30,r.lloyd@randatmail.com,295-8508-16,Bachelor,Veterinarian,4,9283,Married,3
Cherry,Mason,Female,29,c.mason@randatmail.com,569-4106-12,Upper secondary,Hairdresser,4,4364,Single,0
Penelope,Adams,Female,29,p.adams@randatmail.com,978-4633-68,Upper secondary,Interpreter,1,1782,Single,1
Tyler,Owens,Male,20,t.owens@randatmail.com,640-7704-73,Doctoral,Manager,0,6936,Married,1
Jared,Baker,Male,27,j.baker@randatmail.com,040-8348-68,Doctoral,Driver,4,7015,Single,5
Melanie,Warren,Female,25,m.warren@randatmail.com,610-3712-47,Master,Fashion Designer,2,7928,Married,3
Isabella,Roberts,Female,24,i.roberts@randatmail.com,188-6464-37,Upper secondary,Dancer,2,1543,Married,0
Lucas,Martin,Male,21,l.martin@randatmail.com,244-2637-43,Master,Teacher,9,824,Married,1
Natalie,Evans,Female,30,n.evans@randatmail.com,711-4320-67,Primary,Producer,12,3035,Single,2
Walter,Hamilton,Male,19,w.hamilton@randatmail.com,952-2122-70,Master,Veterinarian,5,6043,Single,1
Arnold,Stewart,Male,27,a.stewart@randatmail.com,365-7773-22,Upper secondary,Salesman,7,4526,Single,3
Ted,Hall,Male,27,t.hall@randatmail.com,533-6638-99,Doctoral,Journalist,10,9313,Single,2
Sawyer,Moore,Male,26,s.moore@randatmail.com,961-6007-60,Upper secondary,Salesman,9,810,Single,1
Arnold,Howard,Male,23,a.howard@randatmail.com,299-6503-51,Primary,Photographer,3,8695,Married,1
Natalie,Taylor,Female,28,n.taylor@randatmail.com,446-3974-55,Doctoral,Architect,12,2160,Married,4
Melissa,West,Female,22,m.west@randatmail.com,598-3786-08,Bachelor,Botanist,1,904,Married,0
Charlie,Douglas,Male,29,c.douglas@randatmail.com,970-5136-57,Bachelor,Social Worker,13,1586,Single,1
Victor,Thompson,Male,25,v.thompson@randatmail.com,147-4671-03,Primary,Mechanic,5,1615,Single,3
Roman,Gray,Male,27,r.gray@randatmail.com,980-7639-51,Lower secondary,Biochemist,5,2033,Single,0
Valeria,Spencer,Female,21,v.spencer@randatmail.com,336-8512-60,Primary,Physicist,10,2684,Single,4
Rosie,Ross,Female,18,r.ross@randatmail.com,272-7725-97,Primary,Lawer,2,3218,Married,3
Adrian,Johnson,Male,20,a.johnson@randatmail.com,400-7341-77,Upper secondary,Agronomist,6,2412,Married,4
Reid,Roberts,Male,30,r.roberts@randatmail.com,318-3569-69,Primary,Social Worker,4,1648,Single,1
Alisa,Scott,Female,27,a.scott@randatmail.com,282-2781-96,Primary,Accountant,8,1730,Married,3
Paige,Ferguson,Female,25,p.ferguson@randatmail.com,359-2539-62,Master,Teacher,8,751,Married,3
Eddy,Cunningham,Male,29,e.cunningham@randatmail.com,312-1510-04,Lower secondary,Social Worker,10,8910,Married,4
Miley,Brooks,Female,21,m.brooks@randatmail.com,086-6395-25,Master,Photographer,4,9967,Married,5
Dale,Ross,Male,27,d.ross@randatmail.com,117-1551-42,Bachelor,Cook,5,4617,Single,2
Sabrina,Ellis,Female,18,s.ellis@randatmail.com,562-9556-57,Upper secondary,Programmer,9,2491,Married,1
Justin,Sullivan,Male,25,j.sullivan@randatmail.com,236-7905-42,Lower secondary,Historian,7,9445,Married,2
Byron,Myers,Male,21,b.myers@randatmail.com,826-3066-52,Primary,Dancer,10,9489,Married,4
Ashton,Barnes,Male,22,a.barnes@randatmail.com,942-7263-02,Primary,Actor,0,8875,Single,2
Aiden,Williams,Male,23,a.williams@randatmail.com,314-8419-47,Lower secondary,Scientist,10,8077,Married,0
Ryan,Hall,Male,28,r.hall@randatmail.com,007-2417-35,Primary,Insurer,3,806,Single,4
Sabrina,Moore,Female,28,s.moore@randatmail.com,973-2608-05,Primary,Insurer,12,5892,Single,3
Aldus,Brown,Male,27,a.brown@randatmail.com,513-3552-03,Master,Biochemist,6,1275,Single,0
Henry,West,Male,24,h.west@randatmail.com,963-5059-97,Lower secondary,Lawer,3,3804,Single,2
