First Name,Last Name,Gender,Age,Email,Phone,Education,Occupation,Experience (Years),Salary,Marital Status,Number of Children
Alexander,Hill,Male,24,a.hill@randatmail.com,948-9682-38,Upper secondary,Chemist,5,4821,Married,0
Steven,Taylor,Male,29,s.taylor@randatmail.com,415-3835-64,Primary,Medic,12,7559,Married,2
Lenny,Richardson,Male,18,l.richardson@randatmail.com,763-4877-24,Primary,Veterinarian,5,8404,Married,0
Sofia,Howard,Female,21,s.howard@randatmail.com,519-0131-15,Lower secondary,Auditor,9,2814,Married,1
Frederick,Farrell,Male,24,f.farrell@randatmail.com,894-1859-05,Bachelor,Social Worker,10,1965,Single,2
Arnold,Riley,Male,21,a.riley@randatmail.com,609-5031-15,Lower secondary,Interpreter,0,8924,Married,4
Adrian,Evans,Male,28,a.evans@randatmail.com,629-2785-87,Bachelor,Lecturer,5,7780,Married,0
Carl,Morrison,Male,29,c.morrison@randatmail.com,598-2588-22,Upper secondary,Accountant,1,3084,Married,2
Joyce,Richardson,Female,18,j.richardson@randatmail.com,515-6324-54,Doctoral,Architect,4,8275,Married,3
Leonardo,Holmes,Male,21,l.holmes@randatmail.com,972-0377-54,Doctoral,Engineer,6,5638,Single,4
Frederick,Roberts,Male,25,f.roberts@randatmail.com,427-4930-44,Lower secondary,Engineer,0,7830,Single,1
Jessica,Bailey,Female,23,j.bailey@randatmail.com,537-4424-36,Bachelor,Insurer,1,7162,Married,3
Martin,Chapman,Male,21,m.chapman@randatmail.com,973-9663-26,Doctoral,Engineer,5,6188,Single,4
Natalie,Kelly,Female,29,n.kelly@randatmail.com,417-4174-15,Doctoral,Scientist,5,4824,Married,4
Abigail,Cameron,Female,30,a.cameron@randatmail.com,996-3978-57,Lower secondary,Social Worker,6,8964,Married,0
Daryl,Kelly,Male,24,d.kelly@randatmail.com,662-3355-93,Master,Hairdresser,2,7891,Married,1
Emily,Adams,Female,22,e.adams@randatmail.com,479-8914-59,Master,Aeroplane Pilot,5,8650,Single,5
Tyler,Edwards,Male,30,t.edwards@randatmail.com,456-6742-84,Primary,Lawer,13,1371,Married,5
Frederick,Cooper,Male,21,f.cooper@randatmail.com,546-6923-23,Doctoral,Insurer,5,1356,Single,4
Tyler,Douglas,Male,30,t.douglas@randatmail.com,981-8305-44,Doctoral,Mathematician,10,2077,Single,2
Abraham,Ellis,Male,28,a.ellis@randatmail.com,943-6790-18,Bachelor,Florist,6,5920,Single,4
Luke,Riley,Male,29,l.riley@randatmail.com,428-6279-81,Doctoral,Scientist,13,3371,Single,3
Lucy,Ferguson,Female,27,l.ferguson@randatmail.com,393-6512-02,Master,Geologist,13,3764,Single,1
Annabella,Howard,Female,24,a.howard@randatmail.com,433-0681-45,Upper secondary,Firefighter,5,9038,Married,5
Preston,Thomas,Male,18,p.thomas@randatmail.com,064-2756-90,Bachelor,Lawer,0,9570,Married,0
Lenny,Campbell,Male,23,l.campbell@randatmail.com,525-8528-30,Bachelor,Florist,11,5068,Single,0
Chloe,Owens,Female,28,c.owens@randatmail.com,783-7821-59,Master,Fashion Designer,2,4617,Married,3
Honey,Miller,Female,19,h.miller@randatmail.com,776-8747-60,Master,Social Worker,2,9458,Single,0
Frederick,Mason,Male,26,f.mason@randatmail.com,841-9491-68,Doctoral,Archeologist,12,2635,Single,3
Adam,Moore,Male,29,a.moore@randatmail.com,179-6681-34,Master,Historian,10,5449,Single,3
Tyler,Elliott,Male,26,t.elliott@randatmail.com,001-7786-49,Upper secondary,Mathematician,10,5828,Single,0
Florrie,Perry,Female,30,f.perry@randatmail.com,994-7116-07,Lower secondary,Carpenter,12,6071,Single,4
Stuart,Holmes,Male,30,s.holmes@randatmail.com,529-7328-60,Lower secondary,Geologist,5,6979,Married,1
Joyce,Fowler,Female,21,j.fowler@randatmail.com,906-8767-19,Doctoral,Mechanic,0,5677,Single,3
Rafael,Murphy,Male,28,r.murphy@randatmail.com,065-1928-44,Upper secondary,Photographer,1,9730,Single,5
Owen,Nelson,Male,29,o.nelson@randatmail.com,532-0386-81,Upper secondary,Programmer,7,7628,Married,5
Charlie,Barrett,Male,21,c.barrett@randatmail.com,336-5749-27,Primary,Aeroplane Pilot,9,3423,Single,5
Miller,Campbell,Male,21,m.campbell@randatmail.com,989-1778-51,Master,Engineer,9,1018,Single,4
Marcus,Carter,Male,30,m.carter@randatmail.com,599-2443-77,Doctoral,Auditor,10,4653,Single,1
Kirsten,Bennett,Female,27,k.bennett@randatmail.com,408-1676-58,Master,Meteorologist,13,2460,Married,2
Vivian,Williams,Female,24,v.williams@randatmail.com,956-2938-76,Master,Economist,3,8753,Married,0
Audrey,Foster,Female,20,a.foster@randatmail.com,176-9317-39,Bachelor,Fashion Designer,1,1540,Single,5
Lana,Perkins,Female,18,l.perkins@randatmail.com,164-6156-04,Primary,Interpreter,7,8670,Single,4
Cherry,Carroll,Female,23,c.carroll@randatmail.com,297-0408-16,Upper secondary,Veterinarian,8,2480,Married,4
Ryan,Montgomery,Male,26,r.montgomery@randatmail.com,414-1478-11,Bachelor,Aeroplane Pilot,5,4696,Single,5
Dexter,Bennett,Male,26,d.bennett@randatmail.com,310-9246-82,Bachelor,Carpenter,6,8636,Single,1
Freddie,Murray,Male,26,f.murray@randatmail.com,965-1301-71,Bachelor,Salesman,1,7586,Single,4
Amy,Cameron,Female,29,a.cameron@randatmail.com,605-5794-32,Doctoral,Cook,13,6392,Single,2
Kellan,Morris,Male,25,k.morris@randatmail.com,828-2327-25,Doctoral,Astronomer,3,4116,Single,2
Edith,Adams,Female,25,e.adams@randatmail.com,822-2499-27,Upper secondary,Interior Designer,1,2159,Married,0
Arianna,Alexander,Female,26,a.alexander@randatmail.com,031-3239-27,Master,Agronomist,13,4814,Married,5
Caroline,Bailey,Female,19,c.bailey@randatmail.com,199-7494-02,Lower secondary,Graphic Designer,8,3624,Single,2
Alfred,Kelley,Male,27,a.kelley@randatmail.com,949-8283-31,Master,Interior Designer,10,1081,Married,3
Emily,Brown,Female,18,e.brown@randatmail.com,441-9437-63,Bachelor,Salesman,2,2340,Single,5
Grace,Murray,Female,23,g.murray@randatmail.com,368-0198-01,Bachelor,Chef,4,3766,Married,1
Dexter,Ross,Male,23,d.ross@randatmail.com,797-2781-52,Primary,Interpreter,11,762,Single,3
Gianna,Ferguson,Female,28,g.ferguson@randatmail.com,356-8874-51,Doctoral,Singer,4,7300,Single,4
Adele,Richards,Female,19,a.richards@randatmail.com,776-4038-10,Bachelor,Scientist,2,3802,Single,4
Bruce,Adams,Male,24,b.adams@randatmail.com,541-6573-87,Doctoral,Baker,11,6933,Single,5
Edgar,Phillips,Male,22,e.phillips@randatmail.com,020-1860-70,Bachelor,Photographer,9,4910,Married,1
Maddie,Myers,Female,28,m.myers@randatmail.com,491-7727-62,Primary,Engineer,12,6772,Single,0
Catherine,Hall,Female,20,c.hall@randatmail.com,375-9635-23,Doctoral,Jeweller,1,3991,Married,2
Connie,Johnston,Female,22,c.johnston@randatmail.com,715-0837-85,Doctoral,Scientist,3,7541,Single,4
Miller,Tucker,Male,20,m.tucker@randatmail.com,418-6310-47,Bachelor,Lawer,4,8263,Married,1
Justin,Richardson,Male,21,j.richardson@randatmail.com,281-4091-07,Doctoral,Salesman,8,2228,Single,4
Harold,Carter,Male,26,h.carter@randatmail.com,842-8286-77,Upper secondary,Driver,3,8026,Married,0
Victor,Wells,Male,22,v.wells@randatmail.com,159-3553-74,Primary,Interior Designer,10,4671,Single,3
Sophia,Hall,Female,19,s.hall@randatmail.com,180-3317-29,Master,Chef,5,9648,Married,4
Arnold,Alexander,Male,18,a.alexander@randatmail.com,780-9529-29,Upper secondary,Driver,0,3940,Single,2
Charlie,Evans,Male,28,c.evans@randatmail.com,543-0663-45,Bachelor,Driver,5,9003,Married,1
Rosie,Nelson,Female,25,r.nelson@randatmail.com,687-2442-97,Doctoral,Lecturer,11,6196,Single,4
Honey,Bailey,Female,27,h.bailey@randatmail.com,038-3148-85,Master,Scientist,3,6643,Married,0
Lana,Cunningham,Female,28,l.cunningham@randatmail.com,609-9222-85,Doctoral,Meteorologist,5,8815,Single,0
Victor,Grant,Male,23,v.grant@randatmail.com,237-5218-28,Bachelor,Mathematician,9,6088,Single,4
Lana,Spencer,Female,20,l.spencer@randatmail.com,483-9727-77,Doctoral,Journalist,1,2562,Married,4
Ted,Walker,Male,18,t.walker@randatmail.com,816-4638-73,Master,Mathematician,8,7898,Single,3
Violet,Rogers,Female,18,v.rogers@randatmail.com,425-7412-89,Master,Mechanic,0,6804,Single,4
Stuart,Chapman,Male,23,s.chapman@randatmail.com,538-8976-87,Primary,Firefighter,9,4486,Single,0
Freddie,Wilson,Male,25,f.wilson@randatmail.com,007-9022-72,Bachelor,Producer,6,8814,Single,2
Aida,Phillips,Female,26,a.phillips@randatmail.com,092-2421-67,Master,Medic,12,7207,Married,2
Frederick,Ellis,Male,27,f.ellis@randatmail.com,484-0088-83,Bachelor,Carpenter,12,7626,Single,4
April,Evans,Female,30,a.evans@randatmail.com,413-4762-36,Lower secondary,Social Worker,15,4052,Married,1
Blake,Lloyd,Male,27,b.lloyd@randatmail.com,793-4055-28,Upper secondary,Driver,11,3425,Married,0
Valeria,Watson,Female,21,v.watson@randatmail.com,182-5061-95,Bachelor,Teacher,3,7609,Married,3
George,Ryan,Male,20,g.ryan@randatmail.com,454-0498-94,Upper secondary,Interpreter,10,1057,Single,4
Sophia,Cooper,Female,29,s.cooper@randatmail.com,808-5154-79,Primary,Fine Artist,3,9922,Single,0
Walter,Barnes,Male,20,w.barnes@randatmail.com,365-4080-90,Lower secondary,Interior Designer,1,8229,Single,1
Nicole,Thompson,Female,30,n.thompson@randatmail.com,121-1993-25,Bachelor,Engineer,4,7203,Married,1
Wilson,Clark,Male,25,w.clark@randatmail.com,453-8391-76,Master,Economist,11,8946,Married,4
Eleanor,Walker,Female,29,e.walker@randatmail.com,947-4968-69,Doctoral,Veterinarian,11,616,Married,2
Tyler,Ellis,Male,30,t.ellis@randatmail.com,004-6530-15,Bachelor,Medic,5,1080,Single,0
Emma,Gray,Female,24,e.gray@randatmail.com,874-2464-48,Bachelor,Programmer,12,4735,Married,4
Eddy,Mason,Male,21,e.mason@randatmail.com,151-9491-87,Master,Jeweller,6,7989,Married,3
Aida,Anderson,Female,24,a.anderson@randatmail.com,677-3541-36,Doctoral,Archeologist,8,8584,Single,0
Lyndon,Wells,Male,22,l.wells@randatmail.com,863-5457-36,Bachelor,Photographer,10,2389,Single,3
Patrick,Morrison,Male,21,p.morrison@randatmail.com,259-5720-76,Bachelor,Interior Designer,1,8275,Single,1
Chester,Ellis,Male,19,c.ellis@randatmail.com,264-9979-43,Upper secondary,Biochemist,4,9498,Single,1
Eric,Edwards,Male,18,e.edwards@randatmail.com,735-9543-53,Primary,Archeologist,4,3430,Single,5
Reid,Payne,Male,18,r.payne@randatmail.com,159-9499-41,Lower secondary,Jeweller,0,5209,Married,4
Victor,Armstrong,Male,29,v.armstrong@randatmail.com,694-2949-12,Doctoral,Baker,14,8737,Married,5
Sarah,Roberts,Female,19,s.roberts@randatmail.com,685-1483-21,Bachelor,Geologist,9,1889,Single,3
Luke,Wright,Male,22,l.wright@randatmail.com,093-9621-38,Upper secondary,Historian,9,9207,Married,5
Jordan,Moore,Male,21,j.moore@randatmail.com,224-8136-27,Upper secondary,Producer,4,7754,Married,4
Marcus,Harris,Male,23,m.harris@randatmail.com,259-4790-29,Lower secondary,Agronomist,11,7854,Married,2
Brooke,Barrett,Female,29,b.barrett@randatmail.com,641-3162-99,Bachelor,Hairdresser,4,4913,Single,1
Adrian,Ross,Male,21,a.ross@randatmail.com,610-8680-64,Bachelor,Police Officer,7,8387,Single,0
Jacob,Fowler,Male,24,j.fowler@randatmail.com,746-9470-77,Lower secondary,Aeroplane Pilot,12,7727,Single,0
Julia,Bennett,Female,22,j.bennett@randatmail.com,524-7521-76,Doctoral,Medic,9,2697,Single,0
Freddie,Grant,Male,27,f.grant@randatmail.com,005-4824-64,Lower secondary,Cook,9,8087,Single,3
Ryan,Clark,Male,30,r.clark@randatmail.com,263-8602-24,Bachelor,Graphic Designer,13,7420,Married,5
Dominik,Evans,Male,25,d.evans@randatmail.com,558-9178-11,Primary,Agronomist,3,8717,Single,5
Jack,Stevens,Male,21,j.stevens@randatmail.com,625-9383-63,Bachelor,Lawer,1,7061,Single,2
Byron,Montgomery,Male,30,b.montgomery@randatmail.com,921-4539-67,Primary,Lawer,14,9396,Single,1
Martin,Hamilton,Male,25,m.hamilton@randatmail.com,735-9599-54,Upper secondary,Electrician,12,8293,Married,4
Roland,Johnson,Male,29,r.johnson@randatmail.com,548-6860-45,Lower secondary,Auditor,1,6237,Married,3
Valeria,Miller,Female,23,v.miller@randatmail.com,468-4459-68,Primary,Journalist,1,4151,Single,1
Reid,Perkins,Male,21,r.perkins@randatmail.com,074-7164-17,Lower secondary,Mechanic,10,2119,Single,5
Nicholas,Cooper,Male,30,n.cooper@randatmail.com,106-1658-49,Upper secondary,Programmer,13,1695,Married,0
Kellan,Cole,Male,28,k.cole@randatmail.com,946-8394-71,Primary,Graphic Designer,7,5492,Single,0
Alen,Harris,Male,25,a.harris@randatmail.com,129-7236-01,Primary,Baker,7,2111,Married,4
Isabella,Holmes,Female,27,i.holmes@randatmail.com,554-0248-93,Bachelor,Pharmacist,8,7543,Single,0
George,Murray,Male,26,g.murray@randatmail.com,911-9641-54,Doctoral,Medic,0,1734,Married,0
Carina,Holmes,Female,29,c.holmes@randatmail.com,255-0909-70,Upper secondary,Mechanic,3,9339,Married,2
Antony,Lloyd,Male,27,a.lloyd@randatmail.com,455-5757-29,Lower secondary,Composer,8,3344,Married,1
Vivian,Grant,Female,20,v.grant@randatmail.com,469-0158-87,Doctoral,Mechanic,0,886,Married,4
Isabella,Ferguson,Female,26,i.ferguson@randatmail.com,781-9281-27,Primary,Interior Designer,9,8976,Married,4
Sophia,Bailey,Female,27,s.bailey@randatmail.com,022-8744-57,Bachelor,Programmer,3,9672,Single,1
Emily,Taylor,Female,24,e.taylor@randatmail.com,895-6868-17,Lower secondary,Astronomer,4,2995,Single,2
Kevin,Mason,Male,30,k.mason@randatmail.com,562-7868-12,Doctoral,Aeroplane Pilot,0,8125,Single,5
Alfred,Murray,Male,18,a.murray@randatmail.com,843-8092-70,Primary,Producer,6,7506,Single,5
Daisy,Roberts,Female,22,d.roberts@randatmail.com,629-8112-03,Lower secondary,Engineer,7,7015,Single,3
Adelaide,Chapman,Female,30,a.chapman@randatmail.com,651-8779-40,Upper secondary,Economist,8,5866,Married,3
Carina,Warren,Female,29,c.warren@randatmail.com,827-0598-83,Lower secondary,Photographer,5,8544,Married,5
Cherry,Gray,Female,23,c.gray@randatmail.com,649-9522-47,Lower secondary,Agronomist,5,7735,Single,1
Stella,Hall,Female,19,s.hall@randatmail.com,498-1648-43,Lower secondary,Accountant,1,9773,Married,2
Rafael,Jones,Male,28,r.jones@randatmail.com,661-0726-71,Master,Physicist,4,9532,Single,0
Eddy,Fowler,Male,29,e.fowler@randatmail.com,515-7048-75,Primary,Journalist,5,7765,Single,3
Andrew,Ryan,Male,27,a.ryan@randatmail.com,611-5505-15,Upper secondary,Fine Artist,3,5276,Married,3
Justin,Mitchell,Male,27,j.mitchell@randatmail.com,264-8086-87,Master,Pharmacist,10,9748,Married,1
Dale,Thomas,Male,29,d.thomas@randatmail.com,949-7765-67,Master,Accountant,9,8568,Married,2
Melanie,Taylor,Female,30,m.taylor@randatmail.com,799-5016-78,Primary,Meteorologist,5,2462,Single,3
Annabella,Kelly,Female,26,a.kelly@randatmail.com,971-1376-39,Upper secondary,Chef,8,7037,Married,3
Valeria,Davis,Female,28,v.davis@randatmail.com,190-1713-59,Lower secondary,Physicist,6,9810,Single,2
Rafael,Perry,Male,20,r.perry@randatmail.com,953-7762-11,Master,Salesman,9,5752,Single,4
Carlos,Roberts,Male,24,c.roberts@randatmail.com,402-1648-43,Primary,Chemist,2,6833,Single,1
Daisy,Sullivan,Female,24,d.sullivan@randatmail.com,873-7658-17,Lower secondary,Graphic Designer,10,9083,Married,3
Antony,Higgins,Male,23,a.higgins@randatmail.com,591-1098-27,Primary,Economist,9,3171,Married,5
Violet,Ferguson,Female,21,v.ferguson@randatmail.com,261-3353-45,Doctoral,Teacher,2,1560,Single,3
Natalie,Walker,Female,19,n.walker@randatmail.com,664-3490-63,Master,Programmer,0,5383,Married,0
Abraham,Evans,Male,21,a.evans@randatmail.com,180-2925-78,Primary,Meteorologist,0,1054,Single,5
Lucy,Hunt,Female,29,l.hunt@randatmail.com,961-5274-32,Doctoral,Chef,8,6555,Married,3
Tyler,Johnston,Male,22,t.johnston@randatmail.com,918-4632-57,Master,Pharmacist,2,8087,Single,0
Adam,Riley,Male,23,a.riley@randatmail.com,910-5958-51,Upper secondary,Interior Designer,6,9477,Single,0
Sabrina,Brooks,Female,26,s.brooks@randatmail.com,458-2127-90,Master,Auditor,8,5300,Single,4
Miley,Baker,Female,27,m.baker@randatmail.com,563-6567-59,Primary,Baker,7,2250,Married,5
Lucas,Morgan,Male,19,l.morgan@randatmail.com,821-5127-41,Doctoral,Dancer,7,9772,Married,5
Antony,Stewart,Male,29,a.stewart@randatmail.com,774-0168-31,Doctoral,Chemist,10,6321,Married,4
Emily,Armstrong,Female,21,e.armstrong@randatmail.com,557-9681-90,Lower secondary,Archeologist,0,2218,Married,4
Blake,Perkins,Male,26,b.perkins@randatmail.com,686-5059-34,Lower secondary,Biochemist,3,2045,Married,5
Vanessa,Elliott,Female,28,v.elliott@randatmail.com,346-8575-85,Primary,Biochemist,2,4017,Married,1
Miranda,Thompson,Female,29,m.thompson@randatmail.com,346-2553-82,Doctoral,Producer,1,3086,Single,0
Hailey,Ryan,Female,28,h.ryan@randatmail.com,884-9673-06,Master,Interpreter,6,9387,Single,5
Hailey,Douglas,Female,23,h.douglas@randatmail.com,116-7764-11,Primary,Chef,9,3183,Married,2
Leonardo,Alexander,Male,18,l.alexander@randatmail.com,445-4049-82,Primary,Dancer,7,2993,Married,4
Kimberly,Johnston,Female,30,k.johnston@randatmail.com,632-9485-86,Doctoral,Insurer,15,2437,Single,4
Naomi,Turner,Female,19,n.turner@randatmail.com,476-8394-90,Primary,Lawer,3,8165,Married,5
Anna,Warren,Female,28,a.warren@randatmail.com,742-9364-26,Bachelor,Interior Designer,12,7273,Single,2
Amber,Alexander,Female,26,a.alexander@randatmail.com,995-8419-71,Lower secondary,Mechanic,6,2846,Married,3
Alisa,Jones,Female,21,a.jones@randatmail.com,509-2207-19,Master,Accountant,1,2108,Married,0
Daisy,Wilson,Female,19,d.wilson@randatmail.com,373-7595-22,Doctoral,Historian,8,6190,Single,0
Jordan,Foster,Male,20,j.foster@randatmail.com,405-0968-01,Master,Insurer,1,816,Married,1
Justin,Scott,Male,18,j.scott@randatmail.com,746-6545-66,Upper secondary,Florist,7,5217,Single,2
Arthur,Douglas,Male,20,a.douglas@randatmail.com,743-9205-41,Bachelor,Singer,2,1841,Single,3
Daisy,Nelson,Female,23,d.nelson@randatmail.com,310-6698-51,Primary,Astronomer,8,4579,Single,4
Dominik,Lloyd,Male,24,d.lloyd@randatmail.com,028-8633-74,Bachelor,Graphic Designer,5,9623,Single,4
Ned,Perry,Male,25,n.perry@randatmail.com,993-0346-58,Lower secondary,Jeweller,9,7048,Married,1
Derek,Stewart,Male,24,d.stewart@randatmail.com,185-6367-66,Lower secondary,Meteorologist,12,5794,Married,0
Sawyer,Hunt,Male,20,s.hunt@randatmail.com,698-6857-57,Doctoral,Jeweller,0,3877,Single,0
Jasmine,Walker,Female,27,j.walker@randatmail.com,784-8307-22,Upper secondary,Social Worker,11,7095,Married,5
Edgar,Nelson,Male,21,e.nelson@randatmail.com,654-7273-82,Bachelor,Carpenter,7,7739,Single,2
Luke,Turner,Male,23,l.turner@randatmail.com,451-6741-86,Bachelor,Chemist,7,3453,Married,3
Michelle,Gray,Female,25,m.gray@randatmail.com,868-6107-74,Lower secondary,Teacher,7,3316,Married,1
Dale,Carroll,Male,25,d.carroll@randatmail.com,651-4199-26,Lower secondary,Dancer,5,2882,Married,2
Kate,Reed,Female,21,k.reed@randatmail.com,944-4636-49,Master,Teacher,6,2314,Married,1
Alford,Hill,Male,21,a.hill@randatmail.com,952-7444-63,Master,Teacher,4,4478,Single,3
Steven,Warren,Male,18,s.warren@randatmail.com,729-0369-60,Lower secondary,Physicist,5,6653,Single,2
Florrie,Hill,Female,20,f.hill@randatmail.com,944-6830-73,Lower secondary,Mechanic,6,1478,Married,0
Alexia,Turner,Female,18,a.turner@randatmail.com,353-5023-28,Upper secondary,Composer,2,9677,Single,4
Roland,Higgins,Male,29,r.higgins@randatmail.com,156-1065-14,Bachelor,Carpenter,1,8586,Single,4
Carl,Adams,Male,24,c.adams@randatmail.com,269-2845-55,Primary,Journalist,12,3554,Single,0
Jordan,Stewart,Male,25,j.stewart@randatmail.com,969-5202-76,Master,Mathematician,11,2431,Single,3
Kellan,Higgins,Male,24,k.higgins@randatmail.com,306-5095-54,Master,Programmer,8,612,Single,4
Blake,Campbell,Male,30,b.campbell@randatmail.com,977-6051-85,Bachelor,Astronomer,2,7262,Single,0
Fenton,Hawkins,Male,21,f.hawkins@randatmail.com,562-7824-75,Doctoral,Engineer,9,1136,Single,1
Michael,Bailey,Male,28,m.bailey@randatmail.com,388-4777-42,Primary,Chemist,5,9981,Married,1
Rubie,Harrison,Female,21,r.harrison@randatmail.com,201-6918-78,Master,Architect,5,2413,Married,1
Bruce,Ellis,Male,20,b.ellis@randatmail.com,213-1472-12,Primary,Fashion Designer,2,7648,Married,5
Sydney,West,Female,22,s.west@randatmail.com,464-9852-57,Lower secondary,Photographer,0,7793,Married,1
Daniel,Harrison,Male,29,d.harrison@randatmail.com,834-6431-69,Master,Archeologist,3,1648,Married,0
George,Jones,Male,25,g.jones@randatmail.com,118-3111-85,Upper secondary,Interior Designer,4,528,Single,3
