First Name,Last Name,Gender,Age,Email,Phone,Education,Occupation,Experience (Years),Salary,Marital Status,Number of Children
Garry,Myers,Male,23,g.myers@randatmail.com,691-3715-79,Primary,Architect,10,8736,Married,1
Patrick,Murphy,Male,25,p.murphy@randatmail.com,549-0637-99,Master,Social Worker,11,4079,Single,0
Rosie,Owens,Female,30,r.owens@randatmail.com,182-0647-20,Lower secondary,Singer,2,3636,Single,3
Nicole,Kelly,Female,27,n.kelly@randatmail.com,348-9829-63,Primary,Historian,8,7586,Married,1
Ellia,Warren,Female,18,e.warren@randatmail.com,609-1834-47,Upper secondary,Chemist,3,5773,Married,1
Valeria,Robinson,Female,20,v.robinson@randatmail.com,421-5017-77,Primary,Geologist,10,5872,Married,4
Oliver,Farrell,Male,29,o.farrell@randatmail.com,942-7999-78,Primary,Singer,1,8715,Married,5
Rubie,Wright,Female,21,r.wright@randatmail.com,194-4977-03,Upper secondary,Veterinarian,5,5067,Single,4
Oliver,Morrison,Male,19,o.morrison@randatmail.com,226-8978-16,Primary,Agronomist,8,1272,Single,3
Eleanor,Montgomery,Female,19,e.montgomery@randatmail.com,636-9073-34,Master,Firefighter,0,4386,Married,0
Miley,Cameron,Female,18,m.cameron@randatmail.com,974-8989-88,Bachelor,Cook,9,7140,Married,3
Rosie,Williams,Female,18,r.williams@randatmail.com,563-6553-31,Primary,Singer,7,1954,Single,2
Miranda,Farrell,Female,21,m.farrell@randatmail.com,633-0205-45,Primary,Fashion Designer,9,9225,Married,3
Sarah,Armstrong,Female,27,s.armstrong@randatmail.com,999-2555-83,Master,Journalist,8,2047,Single,1
Brianna,Tucker,Female,27,b.tucker@randatmail.com,571-3122-72,Lower secondary,Economist,7,2506,Married,3
Maddie,Harris,Female,24,m.harris@randatmail.com,910-2713-50,Doctoral,Interpreter,6,9304,Single,4
Michelle,Harper,Female,21,m.harper@randatmail.com,079-1650-53,Primary,Jeweller,7,2263,Single,5
Kate,Richards,Female,25,k.richards@randatmail.com,103-6063-27,Primary,Manager,1,8688,Single,0
Ryan,Murphy,Male,27,r.murphy@randatmail.com,024-2898-43,Doctoral,Salesman,8,6220,Single,0
Natalie,Morrison,Female,19,n.morrison@randatmail.com,813-7623-60,Doctoral,Manager,7,820,Married,0
Alexia,Evans,Female,20,a.evans@randatmail.com,960-9290-42,Bachelor,Actor,0,1394,Single,5
Sam,Robinson,Male,27,s.robinson@randatmail.com,279-9505-32,Lower secondary,Driver,5,5790,Married,3
Adele,Robinson,Female,24,a.robinson@randatmail.com,418-7049-22,Bachelor,Lecturer,5,9951,Married,3
Sam,Brown,Male,18,s.brown@randatmail.com,596-8183-18,Master,Archeologist,4,6017,Single,4
Daisy,Henderson,Female,19,d.henderson@randatmail.com,614-9016-33,Upper secondary,Scientist,5,8392,Single,4
Carlos,Evans,Male,25,c.evans@randatmail.com,924-7223-36,Doctoral,Lecturer,2,6893,Single,4
Alberta,Ferguson,Female,25,a.ferguson@randatmail.com,229-2970-07,Bachelor,Historian,8,519,Single,1
Vanessa,Casey,Female,19,v.casey@randatmail.com,996-9633-13,Master,Insurer,5,7926,Single,1
Alan,Baker,Male,18,a.baker@randatmail.com,362-1061-13,Upper secondary,Electrician,9,574,Married,2
Lydia,Mason,Female,25,l.mason@randatmail.com,838-2274-16,Upper secondary,Chemist,9,9524,Married,3
Arnold,Grant,Male,30,a.grant@randatmail.com,622-2345-55,Upper secondary,Salesman,13,5550,Married,3
Adrian,Brown,Male,24,a.brown@randatmail.com,533-9343-59,Primary,Electrician,6,9028,Married,4
Nicholas,Farrell,Male,19,n.farrell@randatmail.com,679-0416-12,Doctoral,Manager,0,1904,Single,1
Annabella,Evans,Female,18,a.evans@randatmail.com,155-7334-57,Bachelor,Florist,9,9629,Married,4
Kirsten,Montgomery,Female,27,k.montgomery@randatmail.com,910-2746-72,Master,Scientist,7,5337,Single,1
Ashton,Carter,Male,23,a.carter@randatmail.com,040-9134-88,Lower secondary,Photographer,6,8554,Married,2
Garry,Hawkins,Male,19,g.hawkins@randatmail.com,745-2058-22,Doctoral,Auditor,4,2851,Married,2
Garry,Ellis,Male,24,g.ellis@randatmail.com,395-6225-48,Bachelor,Dancer,7,3882,Married,0
Adison,Douglas,Male,25,a.douglas@randatmail.com,316-7934-30,Primary,Mechanic,2,1146,Single,0
Elian,Walker,Male,27,e.walker@randatmail.com,577-3095-14,Lower secondary,Baker,8,2618,Single,0
Adam,Alexander,Male,20,a.alexander@randatmail.com,070-5141-29,Primary,Archeologist,8,7340,Single,3
Arianna,Baker,Female,21,a.baker@randatmail.com,967-8835-70,Primary,Social Worker,3,5308,Married,1
Olivia,Farrell,Female,29,o.farrell@randatmail.com,862-2478-45,Upper secondary,Jeweller,2,891,Married,4
Oscar,Riley,Male,23,o.riley@randatmail.com,109-7890-16,Bachelor,Insurer,8,1436,Single,1
Michelle,Mitchell,Female,21,m.mitchell@randatmail.com,321-3486-49,Primary,Meteorologist,4,8697,Married,4
Carlos,Higgins,Male,20,c.higgins@randatmail.com,582-3209-44,Bachelor,Chef,6,2442,Married,0
Oscar,Kelley,Male,29,o.kelley@randatmail.com,710-3486-82,Upper secondary,Hairdresser,8,6166,Single,1
Audrey,Warren,Female,27,a.warren@randatmail.com,637-0464-15,Lower secondary,Scientist,10,8438,Single,1
Annabella,Perry,Female,23,a.perry@randatmail.com,934-6407-73,Master,Electrician,3,9900,Married,1
Adrian,Carter,Male,26,a.carter@randatmail.com,852-0298-85,Lower secondary,Lawer,6,3832,Single,1
David,Rogers,Male,30,d.rogers@randatmail.com,555-4619-89,Upper secondary,Astronomer,4,8201,Single,4
Patrick,Morgan,Male,28,p.morgan@randatmail.com,407-0106-59,Master,Social Worker,0,1043,Married,4
Aida,Roberts,Female,28,a.roberts@randatmail.com,892-0745-22,Upper secondary,Teacher,12,7295,Married,5
Ned,Craig,Male,19,n.craig@randatmail.com,704-1988-73,Upper secondary,Lawer,5,2673,Single,3
Amelia,Gibson,Female,30,a.gibson@randatmail.com,579-8920-97,Upper secondary,Journalist,2,3863,Single,5
Maria,Martin,Female,23,m.martin@randatmail.com,164-6013-23,Doctoral,Fine Artist,6,6314,Single,4
Jessica,Walker,Female,26,j.walker@randatmail.com,669-5774-40,Lower secondary,Mechanic,7,6694,Single,3
Hailey,Andrews,Female,23,h.andrews@randatmail.com,367-5970-47,Bachelor,Florist,0,8061,Single,1
Kimberly,Warren,Female,26,k.warren@randatmail.com,024-7875-62,Master,Lecturer,8,6956,Single,3
Paige,Wells,Female,27,p.wells@randatmail.com,033-4743-13,Master,Producer,2,1218,Single,2
Richard,Mitchell,Male,28,r.mitchell@randatmail.com,687-2074-38,Primary,Aeroplane Pilot,5,7957,Single,4
Maria,Jones,Female,29,m.jones@randatmail.com,436-4280-30,Upper secondary,Producer,12,737,Single,4
Abraham,Edwards,Male,29,a.edwards@randatmail.com,820-9788-50,Upper secondary,Manager,12,7781,Married,0
Max,Kelly,Male,23,m.kelly@randatmail.com,446-7239-18,Master,Astronomer,5,2383,Married,1
Eric,Myers,Male,26,e.myers@randatmail.com,273-7069-44,Upper secondary,Singer,13,9188,Married,5
Freddie,Lloyd,Male,22,f.lloyd@randatmail.com,699-6287-23,Upper secondary,Chemist,1,1039,Married,3
Blake,West,Male,30,b.west@randatmail.com,081-3215-81,Bachelor,Engineer,14,3354,Single,1
Elise,Baker,Female,27,e.baker@randatmail.com,066-4468-19,Master,Astronomer,7,2122,Married,2
Mary,Phillips,Female,30,m.phillips@randatmail.com,368-7157-67,Lower secondary,Aeroplane Pilot,10,4516,Married,0
Eddy,Hall,Male,25,e.hall@randatmail.com,337-9526-92,Doctoral,Baker,0,6023,Married,0
Annabella,Payne,Female,20,a.payne@randatmail.com,638-7028-11,Lower secondary,Veterinarian,7,732,Single,5
Tiana,Adams,Female,26,t.adams@randatmail.com,324-2507-37,Doctoral,Agronomist,5,7127,Single,3
Daisy,Kelley,Female,29,d.kelley@randatmail.com,868-9566-89,Bachelor,Pharmacist,3,6887,Single,3
Amelia,Barnes,Female,29,a.barnes@randatmail.com,095-6863-48,Upper secondary,Producer,6,6570,Single,2
Lydia,Ross,Female,24,l.ross@randatmail.com,220-5660-64,Primary,Archeologist,11,3055,Married,4
Lucas,Hamilton,Male,25,l.hamilton@randatmail.com,293-6844-20,Doctoral,Engineer,8,9385,Single,3
Aldus,Carroll,Male,18,a.carroll@randatmail.com,632-1417-91,Lower secondary,Pharmacist,5,1434,Married,4
Eric,Harper,Male,27,e.harper@randatmail.com,770-3800-61,Lower secondary,Programmer,12,1130,Married,0
Lilianna,Stevens,Female,21,l.stevens@randatmail.com,705-5099-76,Master,Baker,10,1222,Married,2
Antony,Tucker,Male,28,a.tucker@randatmail.com,344-1629-36,Doctoral,Insurer,9,8551,Married,3
Sarah,Howard,Female,21,s.howard@randatmail.com,782-1359-26,Primary,Electrician,4,3138,Married,1
Freddie,Taylor,Male,29,f.taylor@randatmail.com,376-9937-65,Lower secondary,Singer,2,4051,Married,1
Violet,Sullivan,Female,18,v.sullivan@randatmail.com,440-3765-31,Lower secondary,Salesman,1,8922,Single,0
Victoria,Spencer,Female,18,v.spencer@randatmail.com,962-4848-85,Lower secondary,Chef,3,6655,Married,1
Deanna,Brown,Female,30,d.brown@randatmail.com,495-7815-20,Primary,Accountant,4,9217,Married,2
Derek,Riley,Male,27,d.riley@randatmail.com,195-6506-60,Bachelor,Botanist,7,6622,Single,1
Maria,Ryan,Female,27,m.ryan@randatmail.com,018-5383-73,Bachelor,Driver,6,9192,Single,0
Alberta,Russell,Female,25,a.russell@randatmail.com,801-1172-67,Upper secondary,Chef,9,6220,Married,3
Stella,Rogers,Female,18,s.rogers@randatmail.com,249-7482-01,Upper secondary,Medic,7,5534,Married,1
Aida,Carroll,Female,18,a.carroll@randatmail.com,447-6885-71,Primary,Salesman,6,3722,Married,1
Luke,Evans,Male,20,l.evans@randatmail.com,983-5911-93,Bachelor,Producer,0,1729,Single,3
Melanie,Harper,Female,23,m.harper@randatmail.com,044-7027-06,Upper secondary,Electrician,10,8290,Single,4
Dominik,Lloyd,Male,25,d.lloyd@randatmail.com,422-2695-68,Bachelor,Fashion Designer,8,669,Married,4
Caroline,Barnes,Female,23,c.barnes@randatmail.com,547-9168-44,Bachelor,Actor,11,6251,Married,0
Kristian,Perkins,Male,26,k.perkins@randatmail.com,944-4832-85,Master,Agronomist,12,1206,Married,4
Joyce,Warren,Female,30,j.warren@randatmail.com,203-4459-38,Lower secondary,Teacher,3,1913,Married,2
Alan,Harrison,Male,19,a.harrison@randatmail.com,968-1931-70,Doctoral,Journalist,3,4896,Married,2
Miller,Alexander,Male,18,m.alexander@randatmail.com,480-0810-48,Upper secondary,Carpenter,0,9981,Married,5
Ellia,Mason,Female,18,e.mason@randatmail.com,603-0777-66,Primary,Driver,5,5830,Single,3
Richard,Ryan,Male,24,r.ryan@randatmail.com,635-2966-40,Primary,Photographer,10,7555,Married,4
William,Ferguson,Male,19,w.ferguson@randatmail.com,891-2496-18,Doctoral,Carpenter,8,4707,Single,5
Richard,Edwards,Male,21,r.edwards@randatmail.com,905-2677-31,Lower secondary,Programmer,4,3813,Married,4
Brooke,Cole,Female,23,b.cole@randatmail.com,346-7147-43,Primary,Firefighter,11,8029,Married,0
Alisa,Owens,Female,24,a.owens@randatmail.com,353-6117-97,Bachelor,Jeweller,12,9130,Single,2
Briony,Elliott,Female,28,b.elliott@randatmail.com,650-1750-91,Doctoral,Physicist,8,4535,Single,0
April,Casey,Female,23,a.casey@randatmail.com,867-9806-65,Bachelor,Lawer,9,2859,Single,5
Byron,Ryan,Male,20,b.ryan@randatmail.com,597-7610-57,Upper secondary,Actor,10,5020,Single,0
Alexander,Rogers,Male,29,a.rogers@randatmail.com,268-1100-39,Lower secondary,Chemist,9,7358,Single,2
Robert,Riley,Male,25,r.riley@randatmail.com,630-7445-43,Primary,Lecturer,3,9236,Married,2
Marcus,Harrison,Male,28,m.harrison@randatmail.com,344-4505-22,Upper secondary,Manager,3,4596,Married,5
Grace,Ellis,Female,30,g.ellis@randatmail.com,679-8463-14,Primary,Auditor,4,6270,Single,4
Cadie,Thomas,Female,20,c.thomas@randatmail.com,083-7286-11,Bachelor,Chemist,3,8468,Single,3
Maddie,Dixon,Female,30,m.dixon@randatmail.com,560-8709-58,Upper secondary,Engineer,3,6347,Married,0
Chloe,Anderson,Female,24,c.anderson@randatmail.com,535-3762-29,Doctoral,Auditor,11,8355,Single,3
Agata,Thomas,Female,19,a.thomas@randatmail.com,257-4010-07,Lower secondary,Photographer,9,2850,Married,1
Alina,Henderson,Female,20,a.henderson@randatmail.com,854-9377-43,Master,Auditor,10,6831,Single,3
Rosie,Watson,Female,21,r.watson@randatmail.com,505-0547-26,Master,Veterinarian,0,9295,Single,5
James,Taylor,Male,21,j.taylor@randatmail.com,541-8682-72,Master,Lecturer,0,2823,Single,0
Daryl,Holmes,Male,30,d.holmes@randatmail.com,071-5464-04,Bachelor,Chemist,5,9502,Married,0
Alfred,Thomas,Male,21,a.thomas@randatmail.com,194-3434-48,Master,Composer,0,3171,Single,5
Sarah,Sullivan,Female,30,s.sullivan@randatmail.com,947-4643-27,Bachelor,Actor,7,5431,Married,3
James,Ellis,Male,24,j.ellis@randatmail.com,444-3855-77,Upper secondary,Fine Artist,12,2911,Single,3
Ashton,Anderson,Male,18,a.anderson@randatmail.com,498-5287-01,Primary,Teacher,5,1214,Single,0
Ryan,Nelson,Male,29,r.nelson@randatmail.com,022-1884-16,Bachelor,Meteorologist,3,5554,Married,3
Aida,Bailey,Female,21,a.bailey@randatmail.com,813-5616-25,Primary,Chemist,8,746,Married,3
Violet,Riley,Female,20,v.riley@randatmail.com,545-0717-73,Master,Firefighter,10,4844,Married,3
Alen,Spencer,Male,30,a.spencer@randatmail.com,711-0114-03,Lower secondary,Hairdresser,3,5632,Married,0
Jared,Cunningham,Male,28,j.cunningham@randatmail.com,615-1220-67,Primary,Lawer,9,3450,Married,5
Antony,Thompson,Male,29,a.thompson@randatmail.com,842-4900-12,Doctoral,Chef,9,990,Single,2
Belinda,Johnson,Female,23,b.johnson@randatmail.com,077-9108-62,Lower secondary,Meteorologist,7,9835,Married,2
Clark,Perkins,Male,25,c.perkins@randatmail.com,439-8694-58,Bachelor,Veterinarian,1,8869,Single,3
Blake,Grant,Male,22,b.grant@randatmail.com,421-6840-13,Bachelor,Producer,0,8158,Married,4
Rosie,Roberts,Female,26,r.roberts@randatmail.com,116-6617-53,Lower secondary,Jeweller,13,1941,Single,3
Kristian,Chapman,Male,25,k.chapman@randatmail.com,203-0329-03,Doctoral,Programmer,3,9467,Married,3
Oliver,Morgan,Male,29,o.morgan@randatmail.com,926-0231-51,Lower secondary,Medic,5,8980,Married,0
Caroline,Richardson,Female,24,c.richardson@randatmail.com,773-7322-87,Bachelor,Auditor,2,4454,Single,0
Briony,Wright,Female,21,b.wright@randatmail.com,222-8356-90,Bachelor,Economist,3,5225,Single,2
Lyndon,Williams,Male,21,l.williams@randatmail.com,649-0913-91,Upper secondary,Fashion Designer,9,1681,Single,5
Kellan,Rogers,Male,19,k.rogers@randatmail.com,068-6047-03,Primary,Pharmacist,9,6465,Married,3
Jack,Grant,Male,22,j.grant@randatmail.com,520-6587-87,Doctoral,Archeologist,3,4214,Single,4
Marcus,Holmes,Male,24,m.holmes@randatmail.com,807-7734-71,Upper secondary,Interpreter,0,6286,Single,3
James,Bennett,Male,22,j.bennett@randatmail.com,106-0629-66,Bachelor,Historian,9,1966,Married,3
Nicholas,Robinson,Male,25,n.robinson@randatmail.com,278-5227-74,Upper secondary,Biochemist,4,1711,Married,4
Carl,Cole,Male,22,c.cole@randatmail.com,755-3326-70,Master,Economist,3,9918,Single,3
Owen,Turner,Male,25,o.turner@randatmail.com,382-3359-05,Master,Physicist,2,1539,Single,4
Chester,Riley,Male,20,c.riley@randatmail.com,718-4038-58,Bachelor,Geologist,9,4935,Married,1
Sawyer,Richards,Male,25,s.richards@randatmail.com,621-8329-18,Bachelor,Baker,11,3879,Single,5
Albert,Morris,Male,21,a.morris@randatmail.com,483-7087-58,Lower secondary,Mechanic,2,893,Married,1
Rubie,Tucker,Female,24,r.tucker@randatmail.com,032-8705-08,Lower secondary,Programmer,5,2462,Married,0
Julia,Moore,Female,25,j.moore@randatmail.com,315-9199-82,Upper secondary,Scientist,0,3576,Married,2
Daryl,Perry,Male,29,d.perry@randatmail.com,790-6650-43,Lower secondary,Historian,6,5231,Single,3
David,Crawford,Male,22,d.crawford@randatmail.com,853-5573-55,Doctoral,Scientist,4,3028,Single,0
Joyce,Gibson,Female,25,j.gibson@randatmail.com,307-4371-08,Upper secondary,Producer,4,3422,Married,1
Jessica,Bennett,Female,27,j.bennett@randatmail.com,514-3155-36,Upper secondary,Fashion Designer,11,2737,Single,1
Miranda,Moore,Female,29,m.moore@randatmail.com,559-5948-72,Lower secondary,Graphic Designer,5,2969,Married,0
Thomas,Mitchell,Male,27,t.mitchell@randatmail.com,757-7903-07,Doctoral,Archeologist,8,3803,Married,3
Eddy,Henderson,Male,30,e.henderson@randatmail.com,613-7788-52,Primary,Carpenter,14,2551,Single,3
Blake,Foster,Male,21,b.foster@randatmail.com,523-7867-01,Lower secondary,Mechanic,0,1471,Married,2
Cadie,Stewart,Female,29,c.stewart@randatmail.com,337-5609-73,Upper secondary,Engineer,13,1980,Married,2
Byron,Alexander,Male,21,b.alexander@randatmail.com,415-6185-00,Upper secondary,Driver,1,4384,Single,0
Dominik,Perkins,Male,28,d.perkins@randatmail.com,756-7145-73,Upper secondary,Chemist,5,5186,Married,1
Owen,Clark,Male,21,o.clark@randatmail.com,709-8703-55,Master,Chemist,2,6742,Married,3
Paige,Baker,Female,21,p.baker@randatmail.com,759-9480-13,Primary,Electrician,1,5335,Married,5
Lyndon,Hall,Male,30,l.hall@randatmail.com,664-3261-24,Primary,Scientist,1,9475,Married,1
Leonardo,Owens,Male,21,l.owens@randatmail.com,353-3326-03,Upper secondary,Producer,1,948,Single,4
Kate,Cole,Female,24,k.cole@randatmail.com,540-0299-77,Master,Geologist,3,9052,Married,1
Lucia,Wilson,Female,24,l.wilson@randatmail.com,557-8972-75,Lower secondary,Composer,4,8531,Single,5
Garry,Fowler,Male,23,g.fowler@randatmail.com,354-7617-40,Primary,Electrician,0,1335,Married,3
Henry,Davis,Male,19,h.davis@randatmail.com,032-8993-35,Lower secondary,Salesman,3,2704,Married,2
Daisy,Ross,Female,24,d.ross@randatmail.com,279-1657-97,Doctoral,Veterinarian,10,2359,Single,4
Roman,Warren,Male,18,r.warren@randatmail.com,095-0760-55,Master,Geologist,6,9747,Single,1
Gianna,Myers,Female,30,g.myers@randatmail.com,818-1960-38,Doctoral,Singer,2,9599,Single,4
Elian,Adams,Male,20,e.adams@randatmail.com,045-4400-29,Primary,Graphic Designer,0,3724,Single,3
Ada,Stewart,Female,24,a.stewart@randatmail.com,571-0381-96,Upper secondary,Actor,11,2437,Single,5
Paul,Perkins,Male,26,p.perkins@randatmail.com,399-6878-73,Doctoral,Teacher,6,7757,Married,1
Arnold,Stevens,Male,19,a.stevens@randatmail.com,737-5960-11,Master,Chemist,5,8025,Married,3
Vivian,Bailey,Female,27,v.bailey@randatmail.com,749-2925-92,Bachelor,Social Worker,11,7460,Single,1
Julian,Bennett,Male,29,j.bennett@randatmail.com,072-8573-33,Master,Hairdresser,9,9007,Single,1
Kimberly,Morrison,Female,24,k.morrison@randatmail.com,099-2376-16,Doctoral,Firefighter,6,9292,Single,5
Ryan,Wells,Male,30,r.wells@randatmail.com,689-1949-14,Doctoral,Actor,6,8015,Married,1
Camila,Stewart,Female,30,c.stewart@randatmail.com,583-7633-71,Lower secondary,Auditor,5,1031,Single,3
Darcy,Stewart,Female,19,d.stewart@randatmail.com,788-8438-00,Bachelor,Biochemist,8,7161,Married,2
Alina,Thomas,Female,24,a.thomas@randatmail.com,596-6406-99,Master,Jeweller,9,8843,Married,0
Kevin,Harris,Male,20,k.harris@randatmail.com,803-0657-18,Lower secondary,Graphic Designer,5,2976,Single,1
Catherine,Anderson,Female,29,c.anderson@randatmail.com,051-5948-90,Upper secondary,Aeroplane Pilot,9,3903,Single,3
Kelsey,Harris,Female,30,k.harris@randatmail.com,414-2446-09,Master,Teacher,3,1340,Married,0
Daniel,Phillips,Male,18,d.phillips@randatmail.com,789-4399-56,Lower secondary,Graphic Designer,3,1265,Married,3
Freddie,Spencer,Male,19,f.spencer@randatmail.com,958-7272-27,Lower secondary,Mathematician,7,8034,Married,2
Hailey,West,Female,21,h.west@randatmail.com,053-8001-17,Bachelor,Lecturer,1,4253,Married,0
Sarah,Williams,Female,27,s.williams@randatmail.com,753-6895-70,Upper secondary,Actor,2,9375,Married,4
Jordan,Fowler,Male,22,j.fowler@randatmail.com,022-9029-43,Primary,Insurer,9,3757,Married,0
Amber,Reed,Female,20,a.reed@randatmail.com,423-5658-28,Doctoral,Architect,4,3284,Single,3
Michael,Cunningham,Male,19,m.cunningham@randatmail.com,086-0249-39,Doctoral,Graphic Designer,1,8338,Married,3
Oscar,Chapman,Male,21,o.chapman@randatmail.com,220-6513-98,Master,Medic,10,3739,Married,4
Rebecca,Mason,Female,19,r.mason@randatmail.com,275-4968-51,Lower secondary,Chef,2,4298,Single,5
Eric,Stewart,Male,19,e.stewart@randatmail.com,742-9448-30,Upper secondary,Lecturer,1,5351,Single,3
Adrian,Russell,Male,25,a.russell@randatmail.com,803-1469-69,Doctoral,Aeroplane Pilot,11,2132,Single,0
David,Elliott,Male,18,d.elliott@randatmail.com,996-6671-27,Upper secondary,Firefighter,2,3526,Single,1
Ryan,Brooks,Male,20,r.brooks@randatmail.com,659-9525-33,Doctoral,Geologist,10,4769,Married,5
Abraham,Walker,Male,21,a.walker@randatmail.com,849-7863-34,Doctoral,Photographer,6,7446,Married,3
