First Name,Last Name,Gender,Age,Email
Edgar,Baker,Male,18,e.baker@randatmail.com
Tyler,Edwards,Male,23,t.edwards@randatmail.com
David,Scott,Male,30,d.scott@randatmail.com
Henry,Harris,Male,21,h.harris@randatmail.com
Adam,Davis,Male,18,a.davis@randatmail.com
Lana,Baker,Female,30,l.baker@randatmail.com
Paige,Higgins,Female,24,p.higgins@randatmail.com
Jack,Turner,Male,21,j.turner@randatmail.com
Roman,Davis,Male,19,r.davis@randatmail.com
Alfred,Carter,Male,23,a.carter@randatmail.com
Elise,Nelson,Female,20,e.nelson@randatmail.com
Lily,Nelson,Female,23,l.nelson@randatmail.com
Grace,Andrews,Female,23,g.andrews@randatmail.com
Grace,Alexander,Female,26,g.alexander@randatmail.com
Alberta,Scott,Female,26,a.scott@randatmail.com
Eddy,Campbell,Male,29,e.campbell@randatmail.com
Edgar,Parker,Male,29,e.parker@randatmail.com
Vanessa,West,Female,22,v.west@randatmail.com
Sienna,Reed,Female,22,s.reed@randatmail.com
Paige,Sullivan,Female,30,p.sullivan@randatmail.com
Arnold,Cameron,Male,21,a.cameron@randatmail.com
Jack,Hawkins,Male,26,j.hawkins@randatmail.com
Adrianna,Reed,Female,24,a.reed@randatmail.com
Tiana,Carroll,Female,26,t.carroll@randatmail.com
Ashton,Douglas,Male,25,a.douglas@randatmail.com
Adele,Parker,Female,21,a.parker@randatmail.com
Henry,Williams,Male,25,h.williams@randatmail.com
Paul,Higgins,Male,25,p.higgins@randatmail.com
Vivian,Johnson,Female,24,v.johnson@randatmail.com
Alexander,Chapman,Male,21,a.chapman@randatmail.com
Natalie,Foster,Female,27,n.foster@randatmail.com
Lucy,Barrett,Female,25,l.barrett@randatmail.com
Derek,Chapman,Male,25,d.chapman@randatmail.com
Kimberly,Scott,Female,23,k.scott@randatmail.com
Paige,Hall,Female,28,p.hall@randatmail.com
Arnold,Carroll,Male,21,a.carroll@randatmail.com
Kate,Farrell,Female,29,k.farrell@randatmail.com
Tony,Barrett,Male,24,t.barrett@randatmail.com
James,Montgomery,Male,21,j.montgomery@randatmail.com
Michelle,Moore,Female,27,m.moore@randatmail.com
Ted,Walker,Male,23,t.walker@randatmail.com
Carlos,Cooper,Male,30,c.cooper@randatmail.com
Daryl,Casey,Male,23,d.casey@randatmail.com
Sabrina,Chapman,Female,28,s.chapman@randatmail.com
Violet,Sullivan,Female,25,v.sullivan@randatmail.com
Stella,Myers,Female,27,s.myers@randatmail.com
Daisy,Cole,Female,20,d.cole@randatmail.com
Robert,Johnson,Male,30,r.johnson@randatmail.com
Chloe,Montgomery,Female,27,c.montgomery@randatmail.com
Caroline,Carter,Female,24,c.carter@randatmail.com
Jack,Johnston,Male,25,j.johnston@randatmail.com
Mary,Kelly,Female,21,m.kelly@randatmail.com
Kirsten,Chapman,Female,28,k.chapman@randatmail.com
Melanie,Baker,Female,28,m.baker@randatmail.com
Edith,Ellis,Female,25,e.ellis@randatmail.com
Naomi,Scott,Female,26,n.scott@randatmail.com
Aiden,Jones,Male,26,a.jones@randatmail.com
Brianna,Ross,Female,24,b.ross@randatmail.com
Lucy,Moore,Female,20,l.moore@randatmail.com
Dominik,Stewart,Male,20,d.stewart@randatmail.com
Fenton,Brooks,Male,29,f.brooks@randatmail.com
Rafael,Casey,Male,21,r.casey@randatmail.com
Rubie,Stevens,Female,20,r.stevens@randatmail.com
Luke,Kelley,Male,28,l.kelley@randatmail.com
Vincent,Smith,Male,22,v.smith@randatmail.com
Maria,Reed,Female,27,m.reed@randatmail.com
Richard,Parker,Male,26,r.parker@randatmail.com
Freddie,Ferguson,Male,28,f.ferguson@randatmail.com
Blake,Chapman,Male,18,b.chapman@randatmail.com
Adele,Carroll,Female,24,a.carroll@randatmail.com
Amber,Roberts,Female,28,a.roberts@randatmail.com
Samantha,Mason,Female,25,s.mason@randatmail.com
Honey,Morris,Female,22,h.morris@randatmail.com
Vivian,Craig,Female,27,v.craig@randatmail.com
Chloe,Richardson,Female,21,c.richardson@randatmail.com
Owen,Johnson,Male,28,o.johnson@randatmail.com
Reid,Kelly,Male,23,r.kelly@randatmail.com
Owen,Martin,Male,23,o.martin@randatmail.com
Amy,Russell,Female,29,a.russell@randatmail.com
Alfred,Kelley,Male,22,a.kelley@randatmail.com
Luke,Anderson,Male,23,l.anderson@randatmail.com
Emily,Ross,Female,25,e.ross@randatmail.com
Tyler,Morris,Male,30,t.morris@randatmail.com
Cherry,Mitchell,Female,30,c.mitchell@randatmail.com
Maria,Chapman,Female,27,m.chapman@randatmail.com
Elian,Morris,Male,28,e.morris@randatmail.com
Miller,Moore,Male,30,m.moore@randatmail.com
Brooke,Mason,Female,23,b.mason@randatmail.com
Alfred,Wells,Male,29,a.wells@randatmail.com
Rosie,Thompson,Female,23,r.thompson@randatmail.com
Aston,Jones,Male,29,a.jones@randatmail.com
Emily,Payne,Female,26,e.payne@randatmail.com
Brianna,Roberts,Female,28,b.roberts@randatmail.com
Samantha,Riley,Female,29,s.riley@randatmail.com
Joyce,Crawford,Female,30,j.crawford@randatmail.com
Garry,Walker,Male,26,g.walker@randatmail.com
Gianna,Jones,Female,19,g.jones@randatmail.com
Thomas,Richardson,Male,27,t.richardson@randatmail.com
James,Lloyd,Male,28,j.lloyd@randatmail.com
Haris,Myers,Male,24,h.myers@randatmail.com
Amber,Moore,Female,22,a.moore@randatmail.com
Stella,Scott,Female,28,s.scott@randatmail.com
Miranda,Johnston,Female,26,m.johnston@randatmail.com
Maddie,Thomas,Female,18,m.thomas@randatmail.com
Cadie,Fowler,Female,26,c.fowler@randatmail.com
Emily,Hall,Female,20,e.hall@randatmail.com
Lucas,Campbell,Male,30,l.campbell@randatmail.com
Honey,Ferguson,Female,27,h.ferguson@randatmail.com
Eddy,Clark,Male,23,e.clark@randatmail.com
Olivia,Evans,Female,18,o.evans@randatmail.com
Reid,Hill,Male,29,r.hill@randatmail.com
Haris,Moore,Male,18,h.moore@randatmail.com
Myra,Allen,Female,22,m.allen@randatmail.com
Miley,Lloyd,Female,25,m.lloyd@randatmail.com
Garry,Warren,Male,26,g.warren@randatmail.com
Kellan,Robinson,Male,21,k.robinson@randatmail.com
Amelia,Riley,Female,18,a.riley@randatmail.com
Florrie,Jones,Female,25,f.jones@randatmail.com
Jenna,Myers,Female,28,j.myers@randatmail.com
Sophia,Wilson,Female,26,s.wilson@randatmail.com
Maya,Craig,Female,22,m.craig@randatmail.com
Florrie,Elliott,Female,19,f.elliott@randatmail.com
Carlos,Ferguson,Male,25,c.ferguson@randatmail.com
Stella,Harris,Female,19,s.harris@randatmail.com
Antony,Ross,Male,18,a.ross@randatmail.com
Vanessa,Walker,Female,30,v.walker@randatmail.com
Roland,Armstrong,Male,18,r.armstrong@randatmail.com
Brad,Campbell,Male,18,b.campbell@randatmail.com
Arianna,Brooks,Female,22,a.brooks@randatmail.com
Maddie,Morris,Female,18,m.morris@randatmail.com
Lana,Morgan,Female,22,l.morgan@randatmail.com
Walter,Taylor,Male,28,w.taylor@randatmail.com
Aida,Cole,Female,23,a.cole@randatmail.com
Carlos,Walker,Male,21,c.walker@randatmail.com
Lilianna,Russell,Female,24,l.russell@randatmail.com
Sophia,Kelley,Female,26,s.kelley@randatmail.com
Audrey,Foster,Female,21,a.foster@randatmail.com
Sam,Mitchell,Male,24,s.mitchell@randatmail.com
Edith,Kelley,Female,20,e.kelley@randatmail.com
Clark,Parker,Male,30,c.parker@randatmail.com
Robert,Barnes,Male,21,r.barnes@randatmail.com
Ellia,Hall,Female,30,e.hall@randatmail.com
Arnold,Fowler,Male,19,a.fowler@randatmail.com
Alina,Stewart,Female,18,a.stewart@randatmail.com
Roland,Owens,Male,22,r.owens@randatmail.com
Victoria,Carroll,Female,27,v.carroll@randatmail.com
Luke,Thomas,Male,21,l.thomas@randatmail.com
Edward,Harris,Male,24,e.harris@randatmail.com
Charlotte,Davis,Female,25,c.davis@randatmail.com
Luke,Chapman,Male,23,l.chapman@randatmail.com
Camila,Montgomery,Female,21,c.montgomery@randatmail.com
Maximilian,Reed,Male,20,m.reed@randatmail.com
William,Cole,Male,30,w.cole@randatmail.com
Daniel,Smith,Male,21,d.smith@randatmail.com
Alen,Edwards,Male,29,a.edwards@randatmail.com
Mike,Armstrong,Male,25,m.armstrong@randatmail.com
Harold,Walker,Male,19,h.walker@randatmail.com
Jenna,Stewart,Female,24,j.stewart@randatmail.com
Thomas,Ryan,Male,22,t.ryan@randatmail.com
Kate,Myers,Female,24,k.myers@randatmail.com
Jacob,Turner,Male,23,j.turner@randatmail.com
Blake,Lloyd,Male,20,b.lloyd@randatmail.com
Dale,Gray,Male,24,d.gray@randatmail.com
Alford,Douglas,Male,20,a.douglas@randatmail.com
Adelaide,Tucker,Female,20,a.tucker@randatmail.com
Edwin,Johnston,Male,20,e.johnston@randatmail.com
Fiona,Richards,Female,19,f.richards@randatmail.com
Haris,Alexander,Male,22,h.alexander@randatmail.com
Oscar,Moore,Male,24,o.moore@randatmail.com
Reid,Hawkins,Male,30,r.hawkins@randatmail.com
Paige,Baker,Female,19,p.baker@randatmail.com
Maria,Stewart,Female,22,m.stewart@randatmail.com
Belinda,Phillips,Female,28,b.phillips@randatmail.com
Sofia,Moore,Female,25,s.moore@randatmail.com
Vincent,Carter,Male,22,v.carter@randatmail.com
Kirsten,Davis,Female,24,k.davis@randatmail.com
Julia,Wright,Female,23,j.wright@randatmail.com
Eddy,Adams,Male,22,e.adams@randatmail.com
Bruce,Cameron,Male,28,b.cameron@randatmail.com
Henry,Ferguson,Male,28,h.ferguson@randatmail.com
Vanessa,Murphy,Female,29,v.murphy@randatmail.com
Tara,Martin,Female,20,t.martin@randatmail.com
Tara,Fowler,Female,20,t.fowler@randatmail.com
Jordan,Reed,Male,19,j.reed@randatmail.com
Ryan,Evans,Male,24,r.evans@randatmail.com
Melissa,Williams,Female,20,m.williams@randatmail.com
Kevin,Reed,Male,28,k.reed@randatmail.com
James,Hunt,Male,19,j.hunt@randatmail.com
Sophia,Casey,Female,24,s.casey@randatmail.com
Sophia,Johnston,Female,25,s.johnston@randatmail.com
Chester,Roberts,Male,20,c.roberts@randatmail.com
Edwin,Kelley,Male,27,e.kelley@randatmail.com
Ellia,Crawford,Female,28,e.crawford@randatmail.com
Alina,Grant,Female,30,a.grant@randatmail.com
Paul,Harper,Male,26,p.harper@randatmail.com
Daniel,Hamilton,Male,25,d.hamilton@randatmail.com
Roman,Wells,Male,26,r.wells@randatmail.com
Tony,Richardson,Male,21,t.richardson@randatmail.com
Frederick,Roberts,Male,30,f.roberts@randatmail.com
Lenny,Gibson,Male,25,l.gibson@randatmail.com
